"film_id","category_id","last_update"
1,6,"2020-02-15 11:07:09+01"
2,11,"2020-02-15 11:07:09+01"
3,6,"2020-02-15 11:07:09+01"
4,11,"2020-02-15 11:07:09+01"
5,8,"2020-02-15 11:07:09+01"
6,9,"2020-02-15 11:07:09+01"
7,5,"2020-02-15 11:07:09+01"
8,11,"2020-02-15 11:07:09+01"
9,11,"2020-02-15 11:07:09+01"
10,15,"2020-02-15 11:07:09+01"
11,9,"2020-02-15 11:07:09+01"
12,12,"2020-02-15 11:07:09+01"
13,11,"2020-02-15 11:07:09+01"
14,4,"2020-02-15 11:07:09+01"
15,9,"2020-02-15 11:07:09+01"
16,9,"2020-02-15 11:07:09+01"
17,12,"2020-02-15 11:07:09+01"
18,2,"2020-02-15 11:07:09+01"
19,1,"2020-02-15 11:07:09+01"
20,12,"2020-02-15 11:07:09+01"
21,1,"2020-02-15 11:07:09+01"
22,13,"2020-02-15 11:07:09+01"
23,2,"2020-02-15 11:07:09+01"
24,11,"2020-02-15 11:07:09+01"
25,13,"2020-02-15 11:07:09+01"
26,14,"2020-02-15 11:07:09+01"
27,15,"2020-02-15 11:07:09+01"
28,5,"2020-02-15 11:07:09+01"
29,1,"2020-02-15 11:07:09+01"
30,11,"2020-02-15 11:07:09+01"
31,8,"2020-02-15 11:07:09+01"
32,13,"2020-02-15 11:07:09+01"
33,7,"2020-02-15 11:07:09+01"
34,11,"2020-02-15 11:07:09+01"
35,11,"2020-02-15 11:07:09+01"
36,2,"2020-02-15 11:07:09+01"
37,4,"2020-02-15 11:07:09+01"
38,1,"2020-02-15 11:07:09+01"
39,14,"2020-02-15 11:07:09+01"
40,6,"2020-02-15 11:07:09+01"
41,16,"2020-02-15 11:07:09+01"
42,15,"2020-02-15 11:07:09+01"
43,8,"2020-02-15 11:07:09+01"
44,14,"2020-02-15 11:07:09+01"
45,13,"2020-02-15 11:07:09+01"
46,10,"2020-02-15 11:07:09+01"
47,9,"2020-02-15 11:07:09+01"
48,3,"2020-02-15 11:07:09+01"
49,14,"2020-02-15 11:07:09+01"
50,8,"2020-02-15 11:07:09+01"
51,12,"2020-02-15 11:07:09+01"
52,9,"2020-02-15 11:07:09+01"
53,8,"2020-02-15 11:07:09+01"
54,12,"2020-02-15 11:07:09+01"
55,14,"2020-02-15 11:07:09+01"
56,1,"2020-02-15 11:07:09+01"
57,16,"2020-02-15 11:07:09+01"
58,6,"2020-02-15 11:07:09+01"
59,3,"2020-02-15 11:07:09+01"
60,4,"2020-02-15 11:07:09+01"
61,7,"2020-02-15 11:07:09+01"
62,6,"2020-02-15 11:07:09+01"
63,8,"2020-02-15 11:07:09+01"
64,7,"2020-02-15 11:07:09+01"
65,11,"2020-02-15 11:07:09+01"
66,3,"2020-02-15 11:07:09+01"
67,1,"2020-02-15 11:07:09+01"
68,3,"2020-02-15 11:07:09+01"
69,14,"2020-02-15 11:07:09+01"
70,2,"2020-02-15 11:07:09+01"
71,8,"2020-02-15 11:07:09+01"
72,6,"2020-02-15 11:07:09+01"
73,14,"2020-02-15 11:07:09+01"
74,12,"2020-02-15 11:07:09+01"
75,16,"2020-02-15 11:07:09+01"
76,12,"2020-02-15 11:07:09+01"
77,13,"2020-02-15 11:07:09+01"
78,2,"2020-02-15 11:07:09+01"
79,7,"2020-02-15 11:07:09+01"
80,8,"2020-02-15 11:07:09+01"
81,14,"2020-02-15 11:07:09+01"
82,8,"2020-02-15 11:07:09+01"
83,8,"2020-02-15 11:07:09+01"
84,16,"2020-02-15 11:07:09+01"
85,6,"2020-02-15 11:07:09+01"
86,12,"2020-02-15 11:07:09+01"
87,16,"2020-02-15 11:07:09+01"
88,16,"2020-02-15 11:07:09+01"
89,2,"2020-02-15 11:07:09+01"
90,13,"2020-02-15 11:07:09+01"
91,4,"2020-02-15 11:07:09+01"
92,11,"2020-02-15 11:07:09+01"
93,13,"2020-02-15 11:07:09+01"
94,8,"2020-02-15 11:07:09+01"
95,13,"2020-02-15 11:07:09+01"
96,13,"2020-02-15 11:07:09+01"
97,1,"2020-02-15 11:07:09+01"
98,7,"2020-02-15 11:07:09+01"
99,5,"2020-02-15 11:07:09+01"
100,9,"2020-02-15 11:07:09+01"
101,6,"2020-02-15 11:07:09+01"
102,15,"2020-02-15 11:07:09+01"
103,16,"2020-02-15 11:07:09+01"
104,9,"2020-02-15 11:07:09+01"
105,1,"2020-02-15 11:07:09+01"
106,10,"2020-02-15 11:07:09+01"
107,7,"2020-02-15 11:07:09+01"
108,13,"2020-02-15 11:07:09+01"
109,13,"2020-02-15 11:07:09+01"
110,3,"2020-02-15 11:07:09+01"
111,1,"2020-02-15 11:07:09+01"
112,9,"2020-02-15 11:07:09+01"
113,15,"2020-02-15 11:07:09+01"
114,14,"2020-02-15 11:07:09+01"
115,1,"2020-02-15 11:07:09+01"
116,4,"2020-02-15 11:07:09+01"
117,10,"2020-02-15 11:07:09+01"
118,2,"2020-02-15 11:07:09+01"
119,5,"2020-02-15 11:07:09+01"
120,15,"2020-02-15 11:07:09+01"
121,2,"2020-02-15 11:07:09+01"
122,11,"2020-02-15 11:07:09+01"
123,16,"2020-02-15 11:07:09+01"
124,3,"2020-02-15 11:07:09+01"
125,16,"2020-02-15 11:07:09+01"
126,1,"2020-02-15 11:07:09+01"
127,5,"2020-02-15 11:07:09+01"
128,9,"2020-02-15 11:07:09+01"
129,6,"2020-02-15 11:07:09+01"
130,1,"2020-02-15 11:07:09+01"
131,4,"2020-02-15 11:07:09+01"
132,14,"2020-02-15 11:07:09+01"
133,12,"2020-02-15 11:07:09+01"
134,2,"2020-02-15 11:07:09+01"
135,15,"2020-02-15 11:07:09+01"
136,13,"2020-02-15 11:07:09+01"
137,14,"2020-02-15 11:07:09+01"
138,14,"2020-02-15 11:07:09+01"
139,8,"2020-02-15 11:07:09+01"
140,14,"2020-02-15 11:07:09+01"
141,10,"2020-02-15 11:07:09+01"
142,6,"2020-02-15 11:07:09+01"
143,7,"2020-02-15 11:07:09+01"
144,13,"2020-02-15 11:07:09+01"
145,8,"2020-02-15 11:07:09+01"
146,7,"2020-02-15 11:07:09+01"
147,8,"2020-02-15 11:07:09+01"
148,9,"2020-02-15 11:07:09+01"
149,3,"2020-02-15 11:07:09+01"
150,6,"2020-02-15 11:07:09+01"
151,14,"2020-02-15 11:07:09+01"
152,3,"2020-02-15 11:07:09+01"
153,14,"2020-02-15 11:07:09+01"
154,2,"2020-02-15 11:07:09+01"
155,13,"2020-02-15 11:07:09+01"
156,6,"2020-02-15 11:07:09+01"
157,3,"2020-02-15 11:07:09+01"
158,12,"2020-02-15 11:07:09+01"
159,5,"2020-02-15 11:07:09+01"
160,2,"2020-02-15 11:07:09+01"
161,12,"2020-02-15 11:07:09+01"
162,1,"2020-02-15 11:07:09+01"
163,13,"2020-02-15 11:07:09+01"
164,6,"2020-02-15 11:07:09+01"
165,14,"2020-02-15 11:07:09+01"
166,4,"2020-02-15 11:07:09+01"
167,16,"2020-02-15 11:07:09+01"
168,3,"2020-02-15 11:07:09+01"
169,16,"2020-02-15 11:07:09+01"
170,9,"2020-02-15 11:07:09+01"
171,11,"2020-02-15 11:07:09+01"
172,7,"2020-02-15 11:07:09+01"
173,7,"2020-02-15 11:07:09+01"
174,12,"2020-02-15 11:07:09+01"
175,8,"2020-02-15 11:07:09+01"
176,15,"2020-02-15 11:07:09+01"
177,14,"2020-02-15 11:07:09+01"
178,5,"2020-02-15 11:07:09+01"
179,7,"2020-02-15 11:07:09+01"
180,4,"2020-02-15 11:07:09+01"
181,16,"2020-02-15 11:07:09+01"
182,5,"2020-02-15 11:07:09+01"
183,8,"2020-02-15 11:07:09+01"
184,4,"2020-02-15 11:07:09+01"
185,9,"2020-02-15 11:07:09+01"
186,7,"2020-02-15 11:07:09+01"
187,15,"2020-02-15 11:07:09+01"
188,5,"2020-02-15 11:07:09+01"
189,10,"2020-02-15 11:07:09+01"
190,4,"2020-02-15 11:07:09+01"
191,3,"2020-02-15 11:07:09+01"
192,9,"2020-02-15 11:07:09+01"
193,2,"2020-02-15 11:07:09+01"
194,1,"2020-02-15 11:07:09+01"
195,14,"2020-02-15 11:07:09+01"
196,4,"2020-02-15 11:07:09+01"
197,15,"2020-02-15 11:07:09+01"
198,9,"2020-02-15 11:07:09+01"
199,6,"2020-02-15 11:07:09+01"
200,10,"2020-02-15 11:07:09+01"
201,9,"2020-02-15 11:07:09+01"
202,5,"2020-02-15 11:07:09+01"
203,14,"2020-02-15 11:07:09+01"
204,7,"2020-02-15 11:07:09+01"
205,1,"2020-02-15 11:07:09+01"
206,6,"2020-02-15 11:07:09+01"
207,9,"2020-02-15 11:07:09+01"
208,2,"2020-02-15 11:07:09+01"
209,7,"2020-02-15 11:07:09+01"
210,1,"2020-02-15 11:07:09+01"
211,10,"2020-02-15 11:07:09+01"
212,1,"2020-02-15 11:07:09+01"
213,8,"2020-02-15 11:07:09+01"
214,3,"2020-02-15 11:07:09+01"
215,10,"2020-02-15 11:07:09+01"
216,13,"2020-02-15 11:07:09+01"
217,10,"2020-02-15 11:07:09+01"
218,7,"2020-02-15 11:07:09+01"
219,6,"2020-02-15 11:07:09+01"
220,12,"2020-02-15 11:07:09+01"
221,6,"2020-02-15 11:07:09+01"
222,11,"2020-02-15 11:07:09+01"
223,2,"2020-02-15 11:07:09+01"
224,16,"2020-02-15 11:07:09+01"
225,7,"2020-02-15 11:07:09+01"
226,13,"2020-02-15 11:07:09+01"
227,10,"2020-02-15 11:07:09+01"
228,4,"2020-02-15 11:07:09+01"
229,1,"2020-02-15 11:07:09+01"
230,7,"2020-02-15 11:07:09+01"
231,8,"2020-02-15 11:07:09+01"
232,10,"2020-02-15 11:07:09+01"
233,16,"2020-02-15 11:07:09+01"
234,14,"2020-02-15 11:07:09+01"
235,14,"2020-02-15 11:07:09+01"
236,10,"2020-02-15 11:07:09+01"
237,15,"2020-02-15 11:07:09+01"
238,3,"2020-02-15 11:07:09+01"
239,2,"2020-02-15 11:07:09+01"
240,14,"2020-02-15 11:07:09+01"
241,2,"2020-02-15 11:07:09+01"
242,5,"2020-02-15 11:07:09+01"
243,2,"2020-02-15 11:07:09+01"
244,12,"2020-02-15 11:07:09+01"
245,2,"2020-02-15 11:07:09+01"
246,9,"2020-02-15 11:07:09+01"
247,5,"2020-02-15 11:07:09+01"
248,6,"2020-02-15 11:07:09+01"
249,4,"2020-02-15 11:07:09+01"
250,1,"2020-02-15 11:07:09+01"
251,13,"2020-02-15 11:07:09+01"
252,1,"2020-02-15 11:07:09+01"
253,1,"2020-02-15 11:07:09+01"
254,15,"2020-02-15 11:07:09+01"
255,12,"2020-02-15 11:07:09+01"
256,15,"2020-02-15 11:07:09+01"
257,16,"2020-02-15 11:07:09+01"
258,11,"2020-02-15 11:07:09+01"
259,2,"2020-02-15 11:07:09+01"
260,15,"2020-02-15 11:07:09+01"
261,6,"2020-02-15 11:07:09+01"
262,8,"2020-02-15 11:07:09+01"
263,15,"2020-02-15 11:07:09+01"
264,10,"2020-02-15 11:07:09+01"
265,5,"2020-02-15 11:07:09+01"
266,4,"2020-02-15 11:07:09+01"
267,13,"2020-02-15 11:07:09+01"
268,2,"2020-02-15 11:07:09+01"
269,8,"2020-02-15 11:07:09+01"
270,13,"2020-02-15 11:07:09+01"
271,1,"2020-02-15 11:07:09+01"
272,7,"2020-02-15 11:07:09+01"
273,8,"2020-02-15 11:07:09+01"
274,6,"2020-02-15 11:07:09+01"
275,11,"2020-02-15 11:07:09+01"
276,5,"2020-02-15 11:07:09+01"
277,11,"2020-02-15 11:07:09+01"
278,12,"2020-02-15 11:07:09+01"
279,15,"2020-02-15 11:07:09+01"
280,3,"2020-02-15 11:07:09+01"
281,10,"2020-02-15 11:07:09+01"
282,7,"2020-02-15 11:07:09+01"
283,13,"2020-02-15 11:07:09+01"
284,12,"2020-02-15 11:07:09+01"
285,14,"2020-02-15 11:07:09+01"
286,16,"2020-02-15 11:07:09+01"
287,1,"2020-02-15 11:07:09+01"
288,16,"2020-02-15 11:07:09+01"
289,13,"2020-02-15 11:07:09+01"
290,9,"2020-02-15 11:07:09+01"
291,15,"2020-02-15 11:07:09+01"
292,1,"2020-02-15 11:07:09+01"
293,15,"2020-02-15 11:07:09+01"
294,16,"2020-02-15 11:07:09+01"
295,6,"2020-02-15 11:07:09+01"
296,14,"2020-02-15 11:07:09+01"
297,4,"2020-02-15 11:07:09+01"
298,14,"2020-02-15 11:07:09+01"
299,16,"2020-02-15 11:07:09+01"
300,2,"2020-02-15 11:07:09+01"
301,11,"2020-02-15 11:07:09+01"
302,10,"2020-02-15 11:07:09+01"
303,1,"2020-02-15 11:07:09+01"
304,3,"2020-02-15 11:07:09+01"
305,13,"2020-02-15 11:07:09+01"
306,10,"2020-02-15 11:07:09+01"
307,16,"2020-02-15 11:07:09+01"
308,5,"2020-02-15 11:07:09+01"
309,8,"2020-02-15 11:07:09+01"
310,10,"2020-02-15 11:07:09+01"
311,9,"2020-02-15 11:07:09+01"
312,14,"2020-02-15 11:07:09+01"
313,11,"2020-02-15 11:07:09+01"
314,2,"2020-02-15 11:07:09+01"
315,8,"2020-02-15 11:07:09+01"
316,10,"2020-02-15 11:07:09+01"
317,5,"2020-02-15 11:07:09+01"
318,1,"2020-02-15 11:07:09+01"
319,14,"2020-02-15 11:07:09+01"
320,13,"2020-02-15 11:07:09+01"
321,13,"2020-02-15 11:07:09+01"
322,15,"2020-02-15 11:07:09+01"
323,15,"2020-02-15 11:07:09+01"
324,5,"2020-02-15 11:07:09+01"
325,2,"2020-02-15 11:07:09+01"
326,2,"2020-02-15 11:07:09+01"
327,1,"2020-02-15 11:07:09+01"
328,3,"2020-02-15 11:07:09+01"
329,1,"2020-02-15 11:07:09+01"
330,2,"2020-02-15 11:07:09+01"
331,10,"2020-02-15 11:07:09+01"
332,5,"2020-02-15 11:07:09+01"
333,12,"2020-02-15 11:07:09+01"
334,11,"2020-02-15 11:07:09+01"
335,5,"2020-02-15 11:07:09+01"
336,6,"2020-02-15 11:07:09+01"
337,9,"2020-02-15 11:07:09+01"
338,14,"2020-02-15 11:07:09+01"
339,16,"2020-02-15 11:07:09+01"
340,13,"2020-02-15 11:07:09+01"
341,4,"2020-02-15 11:07:09+01"
342,16,"2020-02-15 11:07:09+01"
343,3,"2020-02-15 11:07:09+01"
344,3,"2020-02-15 11:07:09+01"
345,8,"2020-02-15 11:07:09+01"
346,4,"2020-02-15 11:07:09+01"
347,16,"2020-02-15 11:07:09+01"
348,8,"2020-02-15 11:07:09+01"
349,2,"2020-02-15 11:07:09+01"
350,14,"2020-02-15 11:07:09+01"
351,11,"2020-02-15 11:07:09+01"
352,10,"2020-02-15 11:07:09+01"
353,9,"2020-02-15 11:07:09+01"
354,3,"2020-02-15 11:07:09+01"
355,2,"2020-02-15 11:07:09+01"
356,3,"2020-02-15 11:07:09+01"
357,4,"2020-02-15 11:07:09+01"
358,4,"2020-02-15 11:07:09+01"
359,8,"2020-02-15 11:07:09+01"
360,1,"2020-02-15 11:07:09+01"
361,15,"2020-02-15 11:07:09+01"
362,10,"2020-02-15 11:07:09+01"
363,12,"2020-02-15 11:07:09+01"
364,13,"2020-02-15 11:07:09+01"
365,5,"2020-02-15 11:07:09+01"
366,7,"2020-02-15 11:07:09+01"
367,14,"2020-02-15 11:07:09+01"
368,7,"2020-02-15 11:07:09+01"
369,14,"2020-02-15 11:07:09+01"
370,3,"2020-02-15 11:07:09+01"
371,1,"2020-02-15 11:07:09+01"
372,15,"2020-02-15 11:07:09+01"
373,3,"2020-02-15 11:07:09+01"
374,14,"2020-02-15 11:07:09+01"
375,1,"2020-02-15 11:07:09+01"
376,9,"2020-02-15 11:07:09+01"
377,8,"2020-02-15 11:07:09+01"
378,12,"2020-02-15 11:07:09+01"
379,7,"2020-02-15 11:07:09+01"
380,9,"2020-02-15 11:07:09+01"
381,10,"2020-02-15 11:07:09+01"
382,10,"2020-02-15 11:07:09+01"
383,15,"2020-02-15 11:07:09+01"
384,12,"2020-02-15 11:07:09+01"
385,5,"2020-02-15 11:07:09+01"
386,16,"2020-02-15 11:07:09+01"
387,10,"2020-02-15 11:07:09+01"
388,5,"2020-02-15 11:07:09+01"
389,15,"2020-02-15 11:07:09+01"
390,14,"2020-02-15 11:07:09+01"
391,8,"2020-02-15 11:07:09+01"
392,3,"2020-02-15 11:07:09+01"
393,6,"2020-02-15 11:07:09+01"
394,14,"2020-02-15 11:07:09+01"
395,1,"2020-02-15 11:07:09+01"
396,7,"2020-02-15 11:07:09+01"
397,14,"2020-02-15 11:07:09+01"
398,12,"2020-02-15 11:07:09+01"
399,9,"2020-02-15 11:07:09+01"
400,6,"2020-02-15 11:07:09+01"
401,7,"2020-02-15 11:07:09+01"
402,2,"2020-02-15 11:07:09+01"
403,7,"2020-02-15 11:07:09+01"
404,5,"2020-02-15 11:07:09+01"
405,16,"2020-02-15 11:07:09+01"
406,10,"2020-02-15 11:07:09+01"
407,6,"2020-02-15 11:07:09+01"
408,10,"2020-02-15 11:07:09+01"
409,3,"2020-02-15 11:07:09+01"
410,5,"2020-02-15 11:07:09+01"
411,12,"2020-02-15 11:07:09+01"
412,6,"2020-02-15 11:07:09+01"
413,5,"2020-02-15 11:07:09+01"
414,9,"2020-02-15 11:07:09+01"
415,11,"2020-02-15 11:07:09+01"
416,9,"2020-02-15 11:07:09+01"
417,1,"2020-02-15 11:07:09+01"
418,7,"2020-02-15 11:07:09+01"
419,8,"2020-02-15 11:07:09+01"
420,15,"2020-02-15 11:07:09+01"
421,9,"2020-02-15 11:07:09+01"
422,14,"2020-02-15 11:07:09+01"
423,3,"2020-02-15 11:07:09+01"
424,3,"2020-02-15 11:07:09+01"
425,4,"2020-02-15 11:07:09+01"
426,12,"2020-02-15 11:07:09+01"
427,6,"2020-02-15 11:07:09+01"
428,8,"2020-02-15 11:07:09+01"
429,15,"2020-02-15 11:07:09+01"
430,2,"2020-02-15 11:07:09+01"
431,9,"2020-02-15 11:07:09+01"
432,4,"2020-02-15 11:07:09+01"
433,2,"2020-02-15 11:07:09+01"
434,16,"2020-02-15 11:07:09+01"
435,9,"2020-02-15 11:07:09+01"
436,13,"2020-02-15 11:07:09+01"
437,8,"2020-02-15 11:07:09+01"
438,10,"2020-02-15 11:07:09+01"
439,7,"2020-02-15 11:07:09+01"
440,9,"2020-02-15 11:07:09+01"
441,6,"2020-02-15 11:07:09+01"
442,8,"2020-02-15 11:07:09+01"
443,5,"2020-02-15 11:07:09+01"
444,5,"2020-02-15 11:07:09+01"
445,4,"2020-02-15 11:07:09+01"
446,15,"2020-02-15 11:07:09+01"
447,10,"2020-02-15 11:07:09+01"
448,13,"2020-02-15 11:07:09+01"
449,14,"2020-02-15 11:07:09+01"
450,3,"2020-02-15 11:07:09+01"
451,16,"2020-02-15 11:07:09+01"
452,9,"2020-02-15 11:07:09+01"
453,15,"2020-02-15 11:07:09+01"
454,12,"2020-02-15 11:07:09+01"
455,9,"2020-02-15 11:07:09+01"
456,2,"2020-02-15 11:07:09+01"
457,6,"2020-02-15 11:07:09+01"
458,8,"2020-02-15 11:07:09+01"
459,9,"2020-02-15 11:07:09+01"
460,9,"2020-02-15 11:07:09+01"
461,2,"2020-02-15 11:07:09+01"
462,12,"2020-02-15 11:07:09+01"
463,15,"2020-02-15 11:07:09+01"
464,2,"2020-02-15 11:07:09+01"
465,13,"2020-02-15 11:07:09+01"
466,6,"2020-02-15 11:07:09+01"
467,9,"2020-02-15 11:07:09+01"
468,3,"2020-02-15 11:07:09+01"
469,4,"2020-02-15 11:07:09+01"
470,2,"2020-02-15 11:07:09+01"
471,4,"2020-02-15 11:07:09+01"
472,16,"2020-02-15 11:07:09+01"
473,7,"2020-02-15 11:07:09+01"
474,15,"2020-02-15 11:07:09+01"
475,11,"2020-02-15 11:07:09+01"
476,8,"2020-02-15 11:07:09+01"
477,12,"2020-02-15 11:07:09+01"
478,5,"2020-02-15 11:07:09+01"
479,8,"2020-02-15 11:07:09+01"
480,4,"2020-02-15 11:07:09+01"
481,13,"2020-02-15 11:07:09+01"
482,4,"2020-02-15 11:07:09+01"
483,10,"2020-02-15 11:07:09+01"
484,4,"2020-02-15 11:07:09+01"
485,3,"2020-02-15 11:07:09+01"
486,9,"2020-02-15 11:07:09+01"
487,4,"2020-02-15 11:07:09+01"
488,15,"2020-02-15 11:07:09+01"
489,2,"2020-02-15 11:07:09+01"
490,13,"2020-02-15 11:07:09+01"
491,3,"2020-02-15 11:07:09+01"
492,13,"2020-02-15 11:07:09+01"
493,9,"2020-02-15 11:07:09+01"
494,11,"2020-02-15 11:07:09+01"
495,11,"2020-02-15 11:07:09+01"
496,16,"2020-02-15 11:07:09+01"
497,6,"2020-02-15 11:07:09+01"
498,8,"2020-02-15 11:07:09+01"
499,8,"2020-02-15 11:07:09+01"
500,9,"2020-02-15 11:07:09+01"
501,1,"2020-02-15 11:07:09+01"
502,5,"2020-02-15 11:07:09+01"
503,15,"2020-02-15 11:07:09+01"
504,7,"2020-02-15 11:07:09+01"
505,3,"2020-02-15 11:07:09+01"
506,11,"2020-02-15 11:07:09+01"
507,10,"2020-02-15 11:07:09+01"
508,10,"2020-02-15 11:07:09+01"
509,3,"2020-02-15 11:07:09+01"
510,2,"2020-02-15 11:07:09+01"
511,1,"2020-02-15 11:07:09+01"
512,4,"2020-02-15 11:07:09+01"
513,16,"2020-02-15 11:07:09+01"
514,7,"2020-02-15 11:07:09+01"
515,3,"2020-02-15 11:07:09+01"
516,12,"2020-02-15 11:07:09+01"
517,15,"2020-02-15 11:07:09+01"
518,16,"2020-02-15 11:07:09+01"
519,15,"2020-02-15 11:07:09+01"
520,14,"2020-02-15 11:07:09+01"
521,7,"2020-02-15 11:07:09+01"
522,5,"2020-02-15 11:07:09+01"
523,4,"2020-02-15 11:07:09+01"
524,5,"2020-02-15 11:07:09+01"
525,4,"2020-02-15 11:07:09+01"
526,16,"2020-02-15 11:07:09+01"
527,11,"2020-02-15 11:07:09+01"
528,8,"2020-02-15 11:07:09+01"
529,5,"2020-02-15 11:07:09+01"
530,1,"2020-02-15 11:07:09+01"
531,9,"2020-02-15 11:07:09+01"
532,15,"2020-02-15 11:07:09+01"
533,9,"2020-02-15 11:07:09+01"
534,8,"2020-02-15 11:07:09+01"
535,11,"2020-02-15 11:07:09+01"
536,4,"2020-02-15 11:07:09+01"
537,4,"2020-02-15 11:07:09+01"
538,13,"2020-02-15 11:07:09+01"
539,7,"2020-02-15 11:07:09+01"
540,12,"2020-02-15 11:07:09+01"
541,2,"2020-02-15 11:07:09+01"
542,1,"2020-02-15 11:07:09+01"
543,16,"2020-02-15 11:07:09+01"
544,6,"2020-02-15 11:07:09+01"
545,9,"2020-02-15 11:07:09+01"
546,10,"2020-02-15 11:07:09+01"
547,3,"2020-02-15 11:07:09+01"
548,4,"2020-02-15 11:07:09+01"
549,1,"2020-02-15 11:07:09+01"
550,8,"2020-02-15 11:07:09+01"
551,13,"2020-02-15 11:07:09+01"
552,6,"2020-02-15 11:07:09+01"
553,3,"2020-02-15 11:07:09+01"
554,4,"2020-02-15 11:07:09+01"
555,5,"2020-02-15 11:07:09+01"
556,10,"2020-02-15 11:07:09+01"
557,8,"2020-02-15 11:07:09+01"
558,13,"2020-02-15 11:07:09+01"
559,14,"2020-02-15 11:07:09+01"
560,10,"2020-02-15 11:07:09+01"
561,13,"2020-02-15 11:07:09+01"
562,12,"2020-02-15 11:07:09+01"
563,10,"2020-02-15 11:07:09+01"
564,2,"2020-02-15 11:07:09+01"
565,9,"2020-02-15 11:07:09+01"
566,9,"2020-02-15 11:07:09+01"
567,9,"2020-02-15 11:07:09+01"
568,5,"2020-02-15 11:07:09+01"
569,2,"2020-02-15 11:07:09+01"
570,15,"2020-02-15 11:07:09+01"
571,6,"2020-02-15 11:07:09+01"
572,14,"2020-02-15 11:07:09+01"
573,3,"2020-02-15 11:07:09+01"
574,1,"2020-02-15 11:07:09+01"
575,6,"2020-02-15 11:07:09+01"
576,6,"2020-02-15 11:07:09+01"
577,15,"2020-02-15 11:07:09+01"
578,4,"2020-02-15 11:07:09+01"
579,1,"2020-02-15 11:07:09+01"
580,13,"2020-02-15 11:07:09+01"
581,12,"2020-02-15 11:07:09+01"
582,2,"2020-02-15 11:07:09+01"
583,2,"2020-02-15 11:07:09+01"
584,9,"2020-02-15 11:07:09+01"
585,7,"2020-02-15 11:07:09+01"
586,1,"2020-02-15 11:07:09+01"
587,6,"2020-02-15 11:07:09+01"
588,3,"2020-02-15 11:07:09+01"
589,6,"2020-02-15 11:07:09+01"
590,13,"2020-02-15 11:07:09+01"
591,10,"2020-02-15 11:07:09+01"
592,12,"2020-02-15 11:07:09+01"
593,11,"2020-02-15 11:07:09+01"
594,1,"2020-02-15 11:07:09+01"
595,9,"2020-02-15 11:07:09+01"
596,10,"2020-02-15 11:07:09+01"
597,10,"2020-02-15 11:07:09+01"
598,15,"2020-02-15 11:07:09+01"
599,15,"2020-02-15 11:07:09+01"
600,11,"2020-02-15 11:07:09+01"
601,16,"2020-02-15 11:07:09+01"
602,14,"2020-02-15 11:07:09+01"
603,8,"2020-02-15 11:07:09+01"
604,5,"2020-02-15 11:07:09+01"
605,9,"2020-02-15 11:07:09+01"
606,15,"2020-02-15 11:07:09+01"
607,9,"2020-02-15 11:07:09+01"
608,3,"2020-02-15 11:07:09+01"
609,16,"2020-02-15 11:07:09+01"
610,8,"2020-02-15 11:07:09+01"
611,4,"2020-02-15 11:07:09+01"
612,15,"2020-02-15 11:07:09+01"
613,5,"2020-02-15 11:07:09+01"
614,10,"2020-02-15 11:07:09+01"
615,2,"2020-02-15 11:07:09+01"
616,6,"2020-02-15 11:07:09+01"
617,8,"2020-02-15 11:07:09+01"
618,7,"2020-02-15 11:07:09+01"
619,15,"2020-02-15 11:07:09+01"
620,14,"2020-02-15 11:07:09+01"
621,8,"2020-02-15 11:07:09+01"
622,6,"2020-02-15 11:07:09+01"
623,9,"2020-02-15 11:07:09+01"
624,10,"2020-02-15 11:07:09+01"
625,14,"2020-02-15 11:07:09+01"
626,3,"2020-02-15 11:07:09+01"
627,6,"2020-02-15 11:07:09+01"
628,15,"2020-02-15 11:07:09+01"
629,6,"2020-02-15 11:07:09+01"
630,7,"2020-02-15 11:07:09+01"
631,15,"2020-02-15 11:07:09+01"
632,13,"2020-02-15 11:07:09+01"
633,4,"2020-02-15 11:07:09+01"
634,8,"2020-02-15 11:07:09+01"
635,13,"2020-02-15 11:07:09+01"
636,12,"2020-02-15 11:07:09+01"
637,14,"2020-02-15 11:07:09+01"
638,5,"2020-02-15 11:07:09+01"
639,8,"2020-02-15 11:07:09+01"
640,9,"2020-02-15 11:07:09+01"
641,9,"2020-02-15 11:07:09+01"
642,16,"2020-02-15 11:07:09+01"
643,7,"2020-02-15 11:07:09+01"
644,2,"2020-02-15 11:07:09+01"
645,16,"2020-02-15 11:07:09+01"
646,10,"2020-02-15 11:07:09+01"
647,12,"2020-02-15 11:07:09+01"
648,16,"2020-02-15 11:07:09+01"
649,2,"2020-02-15 11:07:09+01"
650,6,"2020-02-15 11:07:09+01"
651,2,"2020-02-15 11:07:09+01"
652,4,"2020-02-15 11:07:09+01"
653,11,"2020-02-15 11:07:09+01"
654,10,"2020-02-15 11:07:09+01"
655,14,"2020-02-15 11:07:09+01"
656,16,"2020-02-15 11:07:09+01"
657,5,"2020-02-15 11:07:09+01"
658,11,"2020-02-15 11:07:09+01"
659,1,"2020-02-15 11:07:09+01"
660,5,"2020-02-15 11:07:09+01"
661,9,"2020-02-15 11:07:09+01"
662,7,"2020-02-15 11:07:09+01"
663,4,"2020-02-15 11:07:09+01"
664,1,"2020-02-15 11:07:09+01"
665,11,"2020-02-15 11:07:09+01"
666,7,"2020-02-15 11:07:09+01"
667,15,"2020-02-15 11:07:09+01"
668,15,"2020-02-15 11:07:09+01"
669,9,"2020-02-15 11:07:09+01"
670,6,"2020-02-15 11:07:09+01"
671,15,"2020-02-15 11:07:09+01"
672,5,"2020-02-15 11:07:09+01"
673,12,"2020-02-15 11:07:09+01"
674,9,"2020-02-15 11:07:09+01"
675,13,"2020-02-15 11:07:09+01"
676,15,"2020-02-15 11:07:09+01"
677,13,"2020-02-15 11:07:09+01"
678,15,"2020-02-15 11:07:09+01"
679,8,"2020-02-15 11:07:09+01"
680,5,"2020-02-15 11:07:09+01"
681,15,"2020-02-15 11:07:09+01"
682,8,"2020-02-15 11:07:09+01"
683,7,"2020-02-15 11:07:09+01"
684,10,"2020-02-15 11:07:09+01"
685,13,"2020-02-15 11:07:09+01"
686,13,"2020-02-15 11:07:09+01"
687,6,"2020-02-15 11:07:09+01"
688,3,"2020-02-15 11:07:09+01"
689,9,"2020-02-15 11:07:09+01"
690,2,"2020-02-15 11:07:09+01"
691,15,"2020-02-15 11:07:09+01"
692,2,"2020-02-15 11:07:09+01"
693,2,"2020-02-15 11:07:09+01"
694,4,"2020-02-15 11:07:09+01"
695,8,"2020-02-15 11:07:09+01"
696,2,"2020-02-15 11:07:09+01"
697,1,"2020-02-15 11:07:09+01"
698,6,"2020-02-15 11:07:09+01"
699,10,"2020-02-15 11:07:09+01"
700,8,"2020-02-15 11:07:09+01"
701,10,"2020-02-15 11:07:09+01"
702,11,"2020-02-15 11:07:09+01"
703,2,"2020-02-15 11:07:09+01"
704,5,"2020-02-15 11:07:09+01"
705,9,"2020-02-15 11:07:09+01"
706,7,"2020-02-15 11:07:09+01"
707,1,"2020-02-15 11:07:09+01"
708,6,"2020-02-15 11:07:09+01"
709,7,"2020-02-15 11:07:09+01"
710,8,"2020-02-15 11:07:09+01"
711,14,"2020-02-15 11:07:09+01"
712,6,"2020-02-15 11:07:09+01"
713,6,"2020-02-15 11:07:09+01"
714,14,"2020-02-15 11:07:09+01"
715,8,"2020-02-15 11:07:09+01"
716,11,"2020-02-15 11:07:09+01"
717,1,"2020-02-15 11:07:09+01"
718,12,"2020-02-15 11:07:09+01"
719,15,"2020-02-15 11:07:09+01"
720,13,"2020-02-15 11:07:09+01"
721,12,"2020-02-15 11:07:09+01"
722,11,"2020-02-15 11:07:09+01"
723,14,"2020-02-15 11:07:09+01"
724,8,"2020-02-15 11:07:09+01"
725,4,"2020-02-15 11:07:09+01"
726,9,"2020-02-15 11:07:09+01"
727,8,"2020-02-15 11:07:09+01"
728,7,"2020-02-15 11:07:09+01"
729,15,"2020-02-15 11:07:09+01"
730,13,"2020-02-15 11:07:09+01"
731,4,"2020-02-15 11:07:09+01"
732,1,"2020-02-15 11:07:09+01"
733,15,"2020-02-15 11:07:09+01"
734,6,"2020-02-15 11:07:09+01"
735,3,"2020-02-15 11:07:09+01"
736,8,"2020-02-15 11:07:09+01"
737,11,"2020-02-15 11:07:09+01"
738,9,"2020-02-15 11:07:09+01"
739,7,"2020-02-15 11:07:09+01"
740,11,"2020-02-15 11:07:09+01"
741,12,"2020-02-15 11:07:09+01"
742,10,"2020-02-15 11:07:09+01"
743,2,"2020-02-15 11:07:09+01"
744,4,"2020-02-15 11:07:09+01"
745,15,"2020-02-15 11:07:09+01"
746,10,"2020-02-15 11:07:09+01"
747,10,"2020-02-15 11:07:09+01"
748,1,"2020-02-15 11:07:09+01"
749,11,"2020-02-15 11:07:09+01"
750,13,"2020-02-15 11:07:09+01"
751,13,"2020-02-15 11:07:09+01"
752,12,"2020-02-15 11:07:09+01"
753,8,"2020-02-15 11:07:09+01"
754,5,"2020-02-15 11:07:09+01"
755,3,"2020-02-15 11:07:09+01"
756,5,"2020-02-15 11:07:09+01"
757,6,"2020-02-15 11:07:09+01"
758,7,"2020-02-15 11:07:09+01"
759,13,"2020-02-15 11:07:09+01"
760,13,"2020-02-15 11:07:09+01"
761,3,"2020-02-15 11:07:09+01"
762,10,"2020-02-15 11:07:09+01"
763,15,"2020-02-15 11:07:09+01"
764,15,"2020-02-15 11:07:09+01"
765,5,"2020-02-15 11:07:09+01"
766,7,"2020-02-15 11:07:09+01"
767,12,"2020-02-15 11:07:09+01"
768,3,"2020-02-15 11:07:09+01"
769,9,"2020-02-15 11:07:09+01"
770,9,"2020-02-15 11:07:09+01"
771,7,"2020-02-15 11:07:09+01"
772,7,"2020-02-15 11:07:09+01"
773,15,"2020-02-15 11:07:09+01"
774,5,"2020-02-15 11:07:09+01"
775,7,"2020-02-15 11:07:09+01"
776,6,"2020-02-15 11:07:09+01"
777,15,"2020-02-15 11:07:09+01"
778,8,"2020-02-15 11:07:09+01"
779,15,"2020-02-15 11:07:09+01"
780,8,"2020-02-15 11:07:09+01"
781,10,"2020-02-15 11:07:09+01"
782,15,"2020-02-15 11:07:09+01"
783,16,"2020-02-15 11:07:09+01"
784,16,"2020-02-15 11:07:09+01"
785,16,"2020-02-15 11:07:09+01"
786,3,"2020-02-15 11:07:09+01"
787,16,"2020-02-15 11:07:09+01"
788,6,"2020-02-15 11:07:09+01"
789,9,"2020-02-15 11:07:09+01"
790,7,"2020-02-15 11:07:09+01"
791,6,"2020-02-15 11:07:09+01"
792,9,"2020-02-15 11:07:09+01"
793,1,"2020-02-15 11:07:09+01"
794,1,"2020-02-15 11:07:09+01"
795,8,"2020-02-15 11:07:09+01"
796,15,"2020-02-15 11:07:09+01"
797,12,"2020-02-15 11:07:09+01"
798,14,"2020-02-15 11:07:09+01"
799,11,"2020-02-15 11:07:09+01"
800,11,"2020-02-15 11:07:09+01"
801,3,"2020-02-15 11:07:09+01"
802,1,"2020-02-15 11:07:09+01"
803,7,"2020-02-15 11:07:09+01"
804,11,"2020-02-15 11:07:09+01"
805,2,"2020-02-15 11:07:09+01"
806,13,"2020-02-15 11:07:09+01"
807,10,"2020-02-15 11:07:09+01"
808,4,"2020-02-15 11:07:09+01"
809,15,"2020-02-15 11:07:09+01"
810,8,"2020-02-15 11:07:09+01"
811,16,"2020-02-15 11:07:09+01"
812,6,"2020-02-15 11:07:09+01"
813,15,"2020-02-15 11:07:09+01"
814,5,"2020-02-15 11:07:09+01"
815,4,"2020-02-15 11:07:09+01"
816,2,"2020-02-15 11:07:09+01"
817,14,"2020-02-15 11:07:09+01"
818,7,"2020-02-15 11:07:09+01"
819,12,"2020-02-15 11:07:09+01"
820,2,"2020-02-15 11:07:09+01"
821,9,"2020-02-15 11:07:09+01"
822,8,"2020-02-15 11:07:09+01"
823,1,"2020-02-15 11:07:09+01"
824,8,"2020-02-15 11:07:09+01"
825,1,"2020-02-15 11:07:09+01"
826,16,"2020-02-15 11:07:09+01"
827,7,"2020-02-15 11:07:09+01"
828,4,"2020-02-15 11:07:09+01"
829,8,"2020-02-15 11:07:09+01"
830,11,"2020-02-15 11:07:09+01"
831,14,"2020-02-15 11:07:09+01"
832,8,"2020-02-15 11:07:09+01"
833,3,"2020-02-15 11:07:09+01"
834,6,"2020-02-15 11:07:09+01"
835,10,"2020-02-15 11:07:09+01"
836,15,"2020-02-15 11:07:09+01"
837,5,"2020-02-15 11:07:09+01"
838,1,"2020-02-15 11:07:09+01"
839,14,"2020-02-15 11:07:09+01"
840,10,"2020-02-15 11:07:09+01"
841,15,"2020-02-15 11:07:09+01"
842,10,"2020-02-15 11:07:09+01"
843,4,"2020-02-15 11:07:09+01"
844,15,"2020-02-15 11:07:09+01"
845,9,"2020-02-15 11:07:09+01"
846,13,"2020-02-15 11:07:09+01"
847,13,"2020-02-15 11:07:09+01"
848,16,"2020-02-15 11:07:09+01"
849,2,"2020-02-15 11:07:09+01"
850,1,"2020-02-15 11:07:09+01"
851,15,"2020-02-15 11:07:09+01"
852,3,"2020-02-15 11:07:09+01"
853,3,"2020-02-15 11:07:09+01"
854,11,"2020-02-15 11:07:09+01"
855,6,"2020-02-15 11:07:09+01"
856,11,"2020-02-15 11:07:09+01"
857,5,"2020-02-15 11:07:09+01"
858,5,"2020-02-15 11:07:09+01"
859,2,"2020-02-15 11:07:09+01"
860,14,"2020-02-15 11:07:09+01"
861,10,"2020-02-15 11:07:09+01"
862,4,"2020-02-15 11:07:09+01"
863,14,"2020-02-15 11:07:09+01"
864,3,"2020-02-15 11:07:09+01"
865,2,"2020-02-15 11:07:09+01"
866,8,"2020-02-15 11:07:09+01"
867,8,"2020-02-15 11:07:09+01"
868,16,"2020-02-15 11:07:09+01"
869,1,"2020-02-15 11:07:09+01"
870,11,"2020-02-15 11:07:09+01"
871,5,"2020-02-15 11:07:09+01"
872,16,"2020-02-15 11:07:09+01"
873,3,"2020-02-15 11:07:09+01"
874,4,"2020-02-15 11:07:09+01"
875,15,"2020-02-15 11:07:09+01"
876,11,"2020-02-15 11:07:09+01"
877,12,"2020-02-15 11:07:09+01"
878,16,"2020-02-15 11:07:09+01"
879,12,"2020-02-15 11:07:09+01"
880,2,"2020-02-15 11:07:09+01"
881,11,"2020-02-15 11:07:09+01"
882,7,"2020-02-15 11:07:09+01"
883,3,"2020-02-15 11:07:09+01"
884,12,"2020-02-15 11:07:09+01"
885,11,"2020-02-15 11:07:09+01"
886,2,"2020-02-15 11:07:09+01"
887,2,"2020-02-15 11:07:09+01"
888,6,"2020-02-15 11:07:09+01"
889,3,"2020-02-15 11:07:09+01"
890,15,"2020-02-15 11:07:09+01"
891,4,"2020-02-15 11:07:09+01"
892,2,"2020-02-15 11:07:09+01"
893,14,"2020-02-15 11:07:09+01"
894,16,"2020-02-15 11:07:09+01"
895,4,"2020-02-15 11:07:09+01"
896,3,"2020-02-15 11:07:09+01"
897,7,"2020-02-15 11:07:09+01"
898,15,"2020-02-15 11:07:09+01"
899,4,"2020-02-15 11:07:09+01"
900,9,"2020-02-15 11:07:09+01"
901,2,"2020-02-15 11:07:09+01"
902,15,"2020-02-15 11:07:09+01"
903,16,"2020-02-15 11:07:09+01"
904,11,"2020-02-15 11:07:09+01"
905,5,"2020-02-15 11:07:09+01"
906,5,"2020-02-15 11:07:09+01"
907,7,"2020-02-15 11:07:09+01"
908,9,"2020-02-15 11:07:09+01"
909,11,"2020-02-15 11:07:09+01"
910,7,"2020-02-15 11:07:09+01"
911,1,"2020-02-15 11:07:09+01"
912,14,"2020-02-15 11:07:09+01"
913,13,"2020-02-15 11:07:09+01"
914,16,"2020-02-15 11:07:09+01"
915,1,"2020-02-15 11:07:09+01"
916,2,"2020-02-15 11:07:09+01"
917,15,"2020-02-15 11:07:09+01"
918,3,"2020-02-15 11:07:09+01"
919,10,"2020-02-15 11:07:09+01"
920,13,"2020-02-15 11:07:09+01"
921,12,"2020-02-15 11:07:09+01"
922,11,"2020-02-15 11:07:09+01"
923,7,"2020-02-15 11:07:09+01"
924,14,"2020-02-15 11:07:09+01"
925,6,"2020-02-15 11:07:09+01"
926,6,"2020-02-15 11:07:09+01"
927,1,"2020-02-15 11:07:09+01"
928,3,"2020-02-15 11:07:09+01"
929,9,"2020-02-15 11:07:09+01"
930,14,"2020-02-15 11:07:09+01"
931,16,"2020-02-15 11:07:09+01"
932,5,"2020-02-15 11:07:09+01"
933,13,"2020-02-15 11:07:09+01"
934,10,"2020-02-15 11:07:09+01"
935,13,"2020-02-15 11:07:09+01"
936,12,"2020-02-15 11:07:09+01"
937,13,"2020-02-15 11:07:09+01"
938,5,"2020-02-15 11:07:09+01"
939,5,"2020-02-15 11:07:09+01"
940,15,"2020-02-15 11:07:09+01"
941,10,"2020-02-15 11:07:09+01"
942,7,"2020-02-15 11:07:09+01"
943,6,"2020-02-15 11:07:09+01"
944,7,"2020-02-15 11:07:09+01"
945,6,"2020-02-15 11:07:09+01"
946,8,"2020-02-15 11:07:09+01"
947,9,"2020-02-15 11:07:09+01"
948,13,"2020-02-15 11:07:09+01"
949,10,"2020-02-15 11:07:09+01"
950,4,"2020-02-15 11:07:09+01"
951,4,"2020-02-15 11:07:09+01"
952,6,"2020-02-15 11:07:09+01"
953,2,"2020-02-15 11:07:09+01"
954,13,"2020-02-15 11:07:09+01"
955,3,"2020-02-15 11:07:09+01"
956,10,"2020-02-15 11:07:09+01"
957,9,"2020-02-15 11:07:09+01"
958,7,"2020-02-15 11:07:09+01"
959,3,"2020-02-15 11:07:09+01"
960,6,"2020-02-15 11:07:09+01"
961,9,"2020-02-15 11:07:09+01"
962,4,"2020-02-15 11:07:09+01"
963,2,"2020-02-15 11:07:09+01"
964,1,"2020-02-15 11:07:09+01"
965,11,"2020-02-15 11:07:09+01"
966,6,"2020-02-15 11:07:09+01"
967,14,"2020-02-15 11:07:09+01"
968,1,"2020-02-15 11:07:09+01"
969,7,"2020-02-15 11:07:09+01"
970,4,"2020-02-15 11:07:09+01"
971,9,"2020-02-15 11:07:09+01"
972,14,"2020-02-15 11:07:09+01"
973,6,"2020-02-15 11:07:09+01"
974,13,"2020-02-15 11:07:09+01"
975,8,"2020-02-15 11:07:09+01"
976,10,"2020-02-15 11:07:09+01"
977,16,"2020-02-15 11:07:09+01"
978,5,"2020-02-15 11:07:09+01"
979,7,"2020-02-15 11:07:09+01"
980,12,"2020-02-15 11:07:09+01"
981,16,"2020-02-15 11:07:09+01"
982,1,"2020-02-15 11:07:09+01"
983,12,"2020-02-15 11:07:09+01"
984,9,"2020-02-15 11:07:09+01"
985,14,"2020-02-15 11:07:09+01"
986,2,"2020-02-15 11:07:09+01"
987,12,"2020-02-15 11:07:09+01"
988,16,"2020-02-15 11:07:09+01"
989,16,"2020-02-15 11:07:09+01"
990,11,"2020-02-15 11:07:09+01"
991,1,"2020-02-15 11:07:09+01"
992,6,"2020-02-15 11:07:09+01"
993,3,"2020-02-15 11:07:09+01"
994,13,"2020-02-15 11:07:09+01"
995,11,"2020-02-15 11:07:09+01"
996,6,"2020-02-15 11:07:09+01"
997,12,"2020-02-15 11:07:09+01"
998,11,"2020-02-15 11:07:09+01"
999,3,"2020-02-15 11:07:09+01"
1000,5,"2020-02-15 11:07:09+01"
